_record_id,SKU编码,下单时间,产品名称,创建日期,合同数量,合同编号,序号,库存可用量,库存状态,排单批次号,是否RB800,缺口数量,规格,项目名称,预计到货日期
recvkNoeFl2t37,消控室值班助手-利达华信LD128EQ-多线盘LD9202EN,1779724800000,消控室值班助手-利达华信LD128EQ-多线盘LD9202EN,1779859777000,3.0,AC20260526-10,912,23.0,有货,RUN-20260529-001,是,0.0,AC-RB800,佛山中海锦城国际花园,
recvkNoeFlBZsJ,主机通讯板-利达华信6907,1779724800000,主机通讯板-利达华信6907,1779859777000,3.0,AC20260526-10,913,30.0,有货,RUN-20260529-001,否,0.0,LD6907EN,佛山中海锦城国际花园,
recvkNoeFlojuD,用户信息传输装置,1779724800000,用户信息传输装置,1779859777000,1.0,AC20260526-10,914,40.0,有货,RUN-20260529-001,否,0.0,GW-CS361,佛山中海锦城国际花园,
recvkNoeFlozMa,消控室值班助手-利达华信LD128EⅡ(触摸屏)-主键盘,1779724800000,消控室值班助手-利达华信LD128EⅡ(触摸屏)-主键盘,1779859777000,3.0,AC20260526-10,915,24.0,有货,RUN-20260529-001,是,0.0,AC-RB800,佛山中海锦城国际花园,
recvkNoeFlwVfy,采集传输终端,1779724800000,采集传输终端,1779859777000,3.0,AC20260526-10,916,17.0,有货,RUN-20260529-001,否,0.0,AC-CTU504,佛山中海锦城国际花园,
recvkNoeFlcEMO,消控室值班助手--消防广播-原杰YJG4610/4630/4650,1779724800000,消控室值班助手--消防广播-原杰YJG4610/4630/4650,1779859777000,2.0,AC20260526-10,917,0.0,缺货,RUN-20260529-001,是,2.0,AC-RB800,佛山中海锦城国际花园,2026-06-08
recvkNoeFl8Lxl,物联网卡（电信4G）,1779724800000,物联网卡（电信4G）,1779859777000,3.0,AC20260526-10,918,891.0,有货,RUN-20260529-001,否,0.0,100M/月/3年期/新开卡,佛山中海锦城国际花园,
recvkNoeFlQPwM,用户信息传输装置,1779724800000,用户信息传输装置,1779859777000,1.0,AC20260526-11,919,12.0,有货,RUN-20260529-001,否,0.0,AC-CS361,东莞中海松湖华庭,
recvkNoeFlbrF3,消控室值班助手-泛海三江9000/9116-KZJ-LD5-03-多线盘,1779724800000,消控室值班助手-泛海三江9000/9116-KZJ-LD5-03-多线盘,1779859777000,12.0,AC20260526-11,920,174.0,有货,RUN-20260529-001,是,0.0,AC-RB800,东莞中海松湖华庭,
recvkNoeFl45TD,采集传输终端,1779724800000,采集传输终端,1779859777000,2.0,AC20260526-11,921,14.0,有货,RUN-20260529-001,否,0.0,AC-CTU504,东莞中海松湖华庭,
recvkNoeFlTP1a,消控室值班助手-泛海三江9116/9100/A116-主键盘,1779724800000,消控室值班助手-泛海三江9116/9100/A116-主键盘,1779859777000,2.0,AC20260526-11,922,33.0,有货,RUN-20260529-001,是,0.0,AC-RB800,东莞中海松湖华庭,
recvkNoeFlSBDy,消控室值班助手-泛海三江9116/A116-总线盘,1779724800000,消控室值班助手-泛海三江9116/A116-总线盘,1779859777000,1.0,AC20260526-11,923,10.0,有货,RUN-20260529-001,是,0.0,AC-RB800,东莞中海松湖华庭,
recvkNoeFlNf88,物联网卡（电信4G）,1779724800000,物联网卡（电信4G）,1779859777000,3.0,AC20260526-11,924,888.0,有货,RUN-20260529-001,否,0.0,100M/月/3年期/新开卡,东莞中海松湖华庭,
recvkNoeFlGRIV,主机通讯板-泛海三江982,1779724800000,主机通讯板-泛海三江982,1779859777000,1.0,AC20260526-11,925,18.0,有货,RUN-20260529-001,否,0.0,JB-FSD-982,东莞中海松湖华庭,
recvkNoeFlMhUA,消控室值班助手-消防广播-泛海三江GB9242B/300W,1779724800000,消控室值班助手-消防广播-泛海三江GB9242B/300W,1779859777000,2.0,AC20260526-11,1055,28.0,有货,RUN-20260529-001,是,0.0,AC-RB800,东莞中海松湖华庭,
recvkNoeFlSKFz,消控室值班助手-泛海三江A116-多线盘,1779724800000,消控室值班助手-泛海三江A116-多线盘,1779859777000,18.0,AC20260526-12,926,44.0,有货,RUN-20260529-001,是,0.0,AC-RB800,东莞中海松湖雅颂,
recvkNoeFlmvFk,消控室值班助手-泛海三江9116/9100/A116-主键盘,1779724800000,消控室值班助手-泛海三江9116/9100/A116-主键盘,1779859777000,3.0,AC20260526-12,927,31.0,有货,RUN-20260529-001,是,0.0,AC-RB800,东莞中海松湖雅颂,
recvkNoeFlJnGZ,物联网卡（电信4G）,1779724800000,物联网卡（电信4G）,1779859777000,4.0,AC20260526-12,928,885.0,有货,RUN-20260529-001,否,0.0,100M/月/3年期/新开卡,东莞中海松湖雅颂,
recvkNoeFlVXw6,采集传输终端,1779724800000,采集传输终端,1779859777000,3.0,AC20260526-12,929,12.0,有货,RUN-20260529-001,否,0.0,AC-CTU504,东莞中海松湖雅颂,
recvkNoeFlqtWN,用户信息传输装置,1779724800000,用户信息传输装置,1779859777000,1.0,AC20260526-12,930,11.0,有货,RUN-20260529-001,否,0.0,AC-CS361,东莞中海松湖雅颂,
recvkNoeFlNGMz,主机通讯板-泛海三江982,1779724800000,主机通讯板-泛海三江982,1779859777000,1.0,AC20260526-12,931,17.0,有货,RUN-20260529-001,否,0.0,JB-FSD-982,东莞中海松湖雅颂,
recvkNoeFlPK6Y,消控室值班助手-泛海三江9116/A116-总线盘,1779724800000,消控室值班助手-泛海三江9116/A116-总线盘,1779859777000,3.0,AC20260526-12,932,9.0,有货,RUN-20260529-001,是,0.0,AC-RB800,东莞中海松湖雅颂,
recvkNoeFl3BPY,消控室值班助手-消防广播-泛海三江GB9242B/300W,1779724800000,消控室值班助手-消防广播-泛海三江GB9242B/300W,1779859777000,2.0,AC20260526-12,1062,26.0,有货,RUN-20260529-001,是,0.0,AC-RB800,东莞中海松湖雅颂,
recvkNoeFl8haL,消控室值班助手-深圳泰和安TX3016A-多线盘,1779724800000,消控室值班助手-深圳泰和安TX3016A-多线盘,1779859777000,11.0,AC20260526-13,933,42.0,有货,RUN-20260529-001,是,0.0,AC-RB800,珠海南航标准培训中心,
recvkNoeFlKiYE,用户信息传输装置,1779724800000,用户信息传输装置,1779859777000,2.0,AC20260526-13,934,10.0,有货,RUN-20260529-001,否,0.0,AC-CS361,珠海南航标准培训中心,
recvkNoeFlACXw,采集传输终端,1779724800000,采集传输终端,1779859777000,5.0,AC20260526-13,935,9.0,有货,RUN-20260529-001,否,0.0,AC-CTU504,珠海南航标准培训中心,
recvkNoeFltgLi,消控室值班助手-深圳泰和安TX3016A/TX3006A-主键盘,1779724800000,消控室值班助手-深圳泰和安TX3016A/TX3006A-主键盘,1779859777000,5.0,AC20260526-13,936,4.0,缺货,RUN-20260529-001,是,1.0,AC-RB800,珠海南航标准培训中心,2026-06-08
recvkNoeFloesR,消控室值班助手-深圳泰和安TX3016A/C-总线盘TX3503A/C,1779724800000,消控室值班助手-深圳泰和安TX3016A/C-总线盘TX3503A/C,1779859777000,10.0,AC20260526-13,937,30.0,有货,RUN-20260529-001,是,0.0,AC-RB800,珠海南航标准培训中心,
recvkNoeFlcoZh,物联网卡（电信4G）,1779724800000,物联网卡（电信4G）,1779859777000,7.0,AC20260526-13,938,881.0,有货,RUN-20260529-001,否,0.0,100M/月/3年期/新开卡,珠海南航标准培训中心,
recvkNoeFluMiO,消控室值班助手-泰和安消防广播TG3100A,1779724800000,消控室值班助手-泰和安消防广播TG3100A,1779859777000,1.0,AC20260526-13,1067,19.0,有货,RUN-20260529-001,是,0.0,AC-RB800,珠海南航标准培训中心,
recvkNoeFlEVa5,采集传输终端,1779724800000,采集传输终端,1779859777000,1.0,AC20260526-14,939,4.0,有货,RUN-20260529-001,否,0.0,AC-CTU504,中山锦珹花园,
recvkNoeFlF76i,用户信息传输装置,1779724800000,用户信息传输装置,1779859777000,1.0,AC20260526-14,940,8.0,有货,RUN-20260529-001,否,0.0,AC-CS361,中山锦珹花园,
recvkNoeFlt3iH,消控室值班助手-北大青鸟11S/11SF-CD8F多线盘,1779724800000,消控室值班助手-北大青鸟11S/11SF-CD8F多线盘,1779859777000,1.0,AC20260526-14,941,21.0,有货,RUN-20260529-001,是,0.0,AC-RB800,中山锦珹花园,
recvkNoeFlT0Xl,消控室值班助手-北大青鸟AB320-主键盘,1779724800000,消控室值班助手-北大青鸟AB320-主键盘,1779859777000,1.0,AC20260526-14,942,28.0,有货,RUN-20260529-001,是,0.0,AC-RB800,中山锦珹花园,
recvkNoeFlAa2K,主机通讯板-北大青鸟293K,1779724800000,主机通讯板-北大青鸟293K,1779859777000,1.0,AC20260526-14,943,6.0,有货,RUN-20260529-001,否,0.0,JBF293K,中山锦珹花园,
recvkNoeFlRaqu,消控室值班助手-北大青鸟11S-总线盘CK50,1779724800000,消控室值班助手-北大青鸟11S-总线盘CK50,1779859777000,5.0,AC20260526-14,944,19.0,有货,RUN-20260529-001,是,0.0,AC-RB800,中山锦珹花园,
recvkNoeFlXfU6,物联网卡（电信4G）,1779724800000,物联网卡（电信4G）,1779859777000,2.0,AC20260526-14,945,874.0,有货,RUN-20260529-001,否,0.0,100M/月/3年期/新开卡,中山锦珹花园,
recvkNoeFlXnUV,消控室值班助手-恒业-消防广播HY2722C,1779724800000,消控室值班助手-恒业-消防广播HY2722C,1779859777000,1.0,AC20260526-14,1068,22.0,有货,RUN-20260529-001,是,0.0,AC-RB800,中山锦珹花园,
recvkNoeFl2ypz,消控室值班助手-北大青鸟11S/11SF-CD8F多线盘,1779724800000,消控室值班助手-北大青鸟11S/11SF-CD8F多线盘,1779859777000,9.0,AC20260526-15,946,20.0,有货,RUN-20260529-001,是,0.0,AC-RB800,广州黄埔中海誉品花园5-9,
recvkNoeFlFOZz,消控室值班助手-北大青鸟11SF/久远智能JB-TT JF999-H-主键盘,1779724800000,消控室值班助手-北大青鸟11SF/久远智能JB-TT JF999-H-主键盘,1779859777000,1.0,AC20260526-15,947,11.0,有货,RUN-20260529-001,是,0.0,AC-RB800,广州黄埔中海誉品花园5-9,
recvkNoeFl8Yil,物联网卡（电信4G）,1779724800000,物联网卡（电信4G）,1779859777000,3.0,AC20260526-15,948,872.0,有货,RUN-20260529-001,否,0.0,100M/月/3年期/新开卡,广州黄埔中海誉品花园5-9,
recvkNoeFlFo3X,用户信息传输装置,1779724800000,用户信息传输装置,1779859777000,1.0,AC20260526-15,949,7.0,有货,RUN-20260529-001,否,0.0,AC-CS361,广州黄埔中海誉品花园5-9,
recvkNoeFlD0oL,采集传输终端,1779724800000,采集传输终端,1779859777000,2.0,AC20260526-15,950,3.0,有货,RUN-20260529-001,否,0.0,AC-CTU504,广州黄埔中海誉品花园5-9,
recvkNoeFlRtT4,消控室值班助手-北大青鸟11SF-CD8B/C/久远智能JB-TT JF999-H-多线盘,1779724800000,消控室值班助手-北大青鸟11SF-CD8B/C/久远智能JB-TT JF999-H-多线盘,1779859777000,5.0,AC20260526-15,951,30.0,有货,RUN-20260529-001,是,0.0,AC-RB800,广州黄埔中海誉品花园5-9,
recvkNoeFlLnvx,消控室值班助手-北大青鸟AB320-主键盘,1779724800000,消控室值班助手-北大青鸟AB320-主键盘,1779859777000,1.0,AC20260526-15,952,27.0,有货,RUN-20260529-001,是,0.0,AC-RB800,广州黄埔中海誉品花园5-9,
recvkNoeFlrvj2,消控室值班助手-恒业-消防广播HY2722C,1779724800000,消控室值班助手-恒业-消防广播HY2722C,1779859777000,1.0,AC20260526-15,953,21.0,有货,RUN-20260529-001,是,0.0,AC-RB800,广州黄埔中海誉品花园5-9,
recvkNoeFlnfBn,主机通讯板-北大青鸟293K,1779724800000,主机通讯板-北大青鸟293K,1779859777000,1.0,AC20260526-15,954,5.0,有货,RUN-20260529-001,否,0.0,JBF293K,广州黄埔中海誉品花园5-9,
recvkNoeFltfft,用户信息传输装置,1779724800000,用户信息传输装置,1779859777000,1.0,AC20260526-16,955,6.0,有货,RUN-20260529-001,否,0.0,AC-CS361,广州黄埔中海誉品花园1-4,
recvkNoeFlBGJM,消控室值班助手-北大青鸟AB320-主键盘,1779724800000,消控室值班助手-北大青鸟AB320-主键盘,1779859777000,1.0,AC20260526-16,956,26.0,有货,RUN-20260529-001,是,0.0,AC-RB800,广州黄埔中海誉品花园1-4,
recvkNoeFl7j9k,消控室值班助手-北大青鸟11SF-CD8B/C/久远智能JB-TT JF999-H-多线盘,1779724800000,消控室值班助手-北大青鸟11SF-CD8B/C/久远智能JB-TT JF999-H-多线盘,1779859777000,2.0,AC20260526-16,957,25.0,有货,RUN-20260529-001,是,0.0,AC-RB800,广州黄埔中海誉品花园1-4,
recvkNoeFlRsjJ,主机通讯板-北大青鸟293K,1779724800000,主机通讯板-北大青鸟293K,1779859777000,1.0,AC20260526-16,958,4.0,有货,RUN-20260529-001,否,0.0,JBF293K,广州黄埔中海誉品花园1-4,
recvkNoeFlKzWu,消控室值班助手-北大青鸟11S/11SF-CD8F多线盘,1779724800000,消控室值班助手-北大青鸟11S/11SF-CD8F多线盘,1779859777000,3.0,AC20260526-16,959,10.0,有货,RUN-20260529-001,是,0.0,AC-RB800,广州黄埔中海誉品花园1-4,
recvkNoeFlsxLe,消控室值班助手-北大青鸟11SF/久远智能JB-TT JF999-H-主键盘,1779724800000,消控室值班助手-北大青鸟11SF/久远智能JB-TT JF999-H-主键盘,1779859777000,1.0,AC20260526-16,960,7.0,有货,RUN-20260529-001,是,0.0,AC-RB800,广州黄埔中海誉品花园1-4,
recvkNoeFlIDPl,采集传输终端,1779724800000,采集传输终端,1779859777000,2.0,AC20260526-16,961,1.0,缺货,RUN-20260529-001,否,1.0,AC-CTU504,广州黄埔中海誉品花园1-4,2026-06-05
recvkNoeFl2zdh,消控室值班助手-恒业-消防广播HY2722C,1779724800000,消控室值班助手-恒业-消防广播HY2722C,1779859777000,2.0,AC20260526-16,962,20.0,有货,RUN-20260529-001,是,0.0,AC-RB800,广州黄埔中海誉品花园1-4,
recvkNoeFlqLZj,物联网卡（电信4G）,1779724800000,物联网卡（电信4G）,1779859777000,3.0,AC20260526-16,963,869.0,有货,RUN-20260529-001,否,0.0,100M/月/3年期/新开卡,广州黄埔中海誉品花园1-4,
recvkNoeFlmLV8,消控室值班助手-北大青鸟11SF/久远智能JB-TT JF999-H-主键盘,1779724800000,消控室值班助手-北大青鸟11SF/久远智能JB-TT JF999-H-主键盘,1779859777000,1.0,AC20260526-17,964,6.0,有货,RUN-20260529-001,是,0.0,AC-RB800,广州黄埔中海誉品花园10-12,
recvkNoeFlznfP,采集传输终端,1779724800000,采集传输终端,1779859777000,1.0,AC20260526-17,965,0.0,缺货,RUN-20260529-001,否,1.0,AC-CTU504,广州黄埔中海誉品花园10-12,2026-06-05
recvkNoeFlfRZf,消控室值班助手-北大青鸟11SF-CD8B/C/久远智能JB-TT JF999-H-多线盘,1779724800000,消控室值班助手-北大青鸟11SF-CD8B/C/久远智能JB-TT JF999-H-多线盘,1779859777000,7.0,AC20260526-17,966,23.0,有货,RUN-20260529-001,是,0.0,AC-RB800,广州黄埔中海誉品花园10-12,
recvkNoeFlTLIo,物联网卡（电信4G）,1779724800000,物联网卡（电信4G）,1779859777000,2.0,AC20260526-17,967,866.0,有货,RUN-20260529-001,否,0.0,100M/月/3年期/新开卡,广州黄埔中海誉品花园10-12,
recvkNoeFl4IBi,用户信息传输装置,1779724800000,用户信息传输装置,1779859777000,1.0,AC20260526-17,968,5.0,有货,RUN-20260529-001,否,0.0,AC-CS361,广州黄埔中海誉品花园10-12,
recvkNoeFlupHh,主机通讯板-北大青鸟293K,1779724800000,主机通讯板-北大青鸟293K,1779859777000,1.0,AC20260526-17,969,3.0,有货,RUN-20260529-001,否,0.0,JBF293K,广州黄埔中海誉品花园10-12,
recvkNoeFlFNXN,消控室值班助手-北大青鸟11S-总线盘CK50,1779724800000,消控室值班助手-北大青鸟11S-总线盘CK50,1779859777000,1.0,AC20260526-17,970,14.0,有货,RUN-20260529-001,是,0.0,AC-RB800,广州黄埔中海誉品花园10-12,
recvkNoeFluDwq,消控室值班助手-恒业-消防广播HY2722C,1779724800000,消控室值班助手-恒业-消防广播HY2722C,1779859777000,1.0,AC20260526-17,1065,18.0,有货,RUN-20260529-001,是,0.0,AC-RB800,广州黄埔中海誉品花园10-12,
recvkNoeFlkA5k,消控室值班助手-利达华信LD128EⅡ(触摸屏)-主键盘,1779724800000,消控室值班助手-利达华信LD128EⅡ(触摸屏)-主键盘,1779859777000,1.0,AC20260526-18,971,5.0,有货,RUN-20260529-001,是,0.0,AC-RB800,惠州汤泉3,
recvkNoeFlC8cf,消控室值班助手--消防广播-原杰YJG4610/4630/4650,1779724800000,消控室值班助手--消防广播-原杰YJG4610/4630/4650,1779859777000,1.0,AC20260526-18,972,0.0,缺货,RUN-20260529-001,是,1.0,AC-RB800,惠州汤泉3,2026-06-08
recvkNoeFl3uD6,物联网卡（电信4G）,1779724800000,物联网卡（电信4G）,1779859777000,2.0,AC20260526-18,973,864.0,有货,RUN-20260529-001,否,0.0,100M/月/3年期/新开卡,惠州汤泉3,
recvkNoeFlMEgO,消控室值班助手-利达华信LD128EⅡ-多线盘LD9203EN,1779724800000,消控室值班助手-利达华信LD128EⅡ-多线盘LD9203EN,1779859777000,1.0,AC20260526-18,974,77.0,有货,RUN-20260529-001,是,0.0,AC-RB800,惠州汤泉3,
recvkNoeFlwUZD,主机通讯板-利达华信6907,1779724800000,主机通讯板-利达华信6907,1779859777000,1.0,AC20260526-18,975,27.0,有货,RUN-20260529-001,否,0.0,LD6907EN,惠州汤泉3,
recvkNoeFly4mo,用户信息传输装置,1779724800000,用户信息传输装置,1779859777000,1.0,AC20260526-18,976,4.0,有货,RUN-20260529-001,否,0.0,AC-CS361,惠州汤泉3,
recvkNoeFldicL,采集传输终端,1779724800000,采集传输终端,1779859777000,1.0,AC20260526-18,977,0.0,缺货,RUN-20260529-001,否,1.0,AC-CTU504,惠州汤泉3,2026-06-05
recvkNoeFlamuq,消控室值班助手-高新投三江A116-总线盘-80路,1779724800000,消控室值班助手-高新投三江A116-总线盘-80路,1779859777000,16.0,AC20260526-19,978,7.0,缺货,RUN-20260529-001,是,9.0,AC-RB800,深圳绿海山河里一期,2026-06-08
recvkNoeFlwEKV,用户信息传输装置,1779724800000,用户信息传输装置,1779859777000,1.0,AC20260526-19,979,3.0,有货,RUN-20260529-001,否,0.0,AC-CS361,深圳绿海山河里一期,
recvkNoeFl8dbK,消控室值班助手-高新投三江A116-主键盘,1779724800000,消控室值班助手-高新投三江A116-主键盘,1779859777000,4.0,AC20260526-19,980,13.0,有货,RUN-20260529-001,是,0.0,AC-RB800,深圳绿海山河里一期,
recvkNoeFlh9XX,采集传输终端,1779724800000,采集传输终端,1779859777000,4.0,AC20260526-19,981,0.0,缺货,RUN-20260529-001,否,4.0,AC-CTU504,深圳绿海山河里一期,2026-06-05
recvkNoeFlU0OC,消控室值班助手-高新投三江A116-多线盘,1779724800000,消控室值班助手-高新投三江A116-多线盘,1779859777000,8.0,AC20260526-19,982,5.0,缺货,RUN-20260529-001,是,3.0,AC-RB800,深圳绿海山河里一期,2026-06-08
recvkNoeFlub0O,物联网卡（电信4G）,1779724800000,物联网卡（电信4G）,1779859777000,5.0,AC20260526-19,983,862.0,有货,RUN-20260529-001,否,0.0,100M/月/3年期/新开卡,深圳绿海山河里一期,
recvkNoeFlVXaO,控制柜远程控制-8路,1779724800000,控制柜远程控制-8路,1779859777000,1.0,AC20260526-19,1058,8.0,有货,RUN-20260529-001,否,0.0,KZG-CH8,深圳绿海山河里一期,
recvkNodMcBQxb,采集传输终端,1779724800000,采集传输终端,1779859774000,4.0,AC20260526-2,862,0.0,缺货,RUN-20260529-001,否,4.0,AC-CTU504,佛山中海·金沙里,2026-06-05
recvkNoeFlPbKB,用户信息传输装置,1779724800000,用户信息传输装置,1779859777000,1.0,AC20260526-2,863,2.0,有货,RUN-20260529-001,否,0.0,AC-CS361,佛山中海·金沙里,
recvkNoeFl1BEP,消控室值班助手-利达华信LD128EⅡ(触摸屏)-主键盘,1779724800000,消控室值班助手-利达华信LD128EⅡ(触摸屏)-主键盘,1779859777000,4.0,AC20260526-2,864,4.0,有货,RUN-20260529-001,是,0.0,AC-RB800,佛山中海·金沙里,
recvkNoeFlmZ75,主机通讯板-利达华信6907,1779724800000,主机通讯板-利达华信6907,1779859777000,1.0,AC20260526-2,865,26.0,有货,RUN-20260529-001,否,0.0,LD6907EN,佛山中海·金沙里,
recvkNoeFlytqf,消控室值班助手--消防广播-原杰YJG4610/4630/4650,1779724800000,消控室值班助手--消防广播-原杰YJG4610/4630/4650,1779859777000,1.0,AC20260526-2,866,0.0,缺货,RUN-20260529-001,是,1.0,AC-RB800,佛山中海·金沙里,2026-06-08
recvkNoeFlaJkz,消控室值班助手-利达华信LD128EⅡ-多线盘LD9203EN,1779724800000,消控室值班助手-利达华信LD128EⅡ-多线盘LD9203EN,1779859777000,3.0,AC20260526-2,867,76.0,有货,RUN-20260529-001,是,0.0,AC-RB800,佛山中海·金沙里,
recvkNoeFl4CxY,物联网卡（电信4G）,1779724800000,物联网卡（电信4G）,1779859777000,5.0,AC20260526-2,868,857.0,有货,RUN-20260529-001,否,0.0,100M/月/3年期/新开卡,佛山中海·金沙里,
recvkNoeFlyauF,消控室值班助手-高新投三江A116-总线盘-80路,1779724800000,消控室值班助手-高新投三江A116-总线盘-80路,1779859777000,11.0,AC20260526-20,984,0.0,缺货,RUN-20260529-001,是,11.0,AC-RB800,深圳绿海山河里二期,2026-06-08
recvkNoeFloxAa,物联网卡（电信4G）,1779724800000,物联网卡（电信4G）,1779859777000,7.0,AC20260526-20,985,852.0,有货,RUN-20260529-001,否,0.0,100M/月/3年期/新开卡,深圳绿海山河里二期,
recvkNoeFlBoLB,消控室值班助手-高新投三江A116-多线盘,1779724800000,消控室值班助手-高新投三江A116-多线盘,1779859777000,15.0,AC20260526-20,986,0.0,缺货,RUN-20260529-001,是,15.0,AC-RB800,深圳绿海山河里二期,2026-06-08
recvkNoeFl5ZiJ,采集传输终端,1779724800000,采集传输终端,1779859777000,6.0,AC20260526-20,987,0.0,缺货,RUN-20260529-001,否,6.0,AC-CTU504,深圳绿海山河里二期,2026-06-05
recvkNoeFl2bnH,用户信息传输装置,1779724800000,用户信息传输装置,1779859777000,1.0,AC20260526-20,988,1.0,有货,RUN-20260529-001,否,0.0,AC-CS361,深圳绿海山河里二期,
recvkNoeFlZNFg,消控室值班助手-高新投三江A116-主键盘,1779724800000,消控室值班助手-高新投三江A116-主键盘,1779859777000,6.0,AC20260526-20,989,9.0,有货,RUN-20260529-001,是,0.0,AC-RB800,深圳绿海山河里二期,
recvkNoeFlbMEA,控制柜远程控制-8路,1779724800000,控制柜远程控制-8路,1779859777000,1.0,AC20260526-20,1059,7.0,有货,RUN-20260529-001,否,0.0,KZG-CH8,深圳绿海山河里二期,
recvkNoeFliJMD,物联网卡（电信4G）,1779724800000,物联网卡（电信4G）,1779859777000,5.0,AC20260526-21,990,845.0,有货,RUN-20260529-001,否,0.0,100M/月/3年期/新开卡,深圳绿海山河里三期,
recvkNoeFl87oL,消控室值班助手-高新投三江A116-主键盘,1779724800000,消控室值班助手-高新投三江A116-主键盘,1779859777000,4.0,AC20260526-21,991,3.0,缺货,RUN-20260529-001,是,1.0,AC-RB800,深圳绿海山河里三期,2026-06-08
recvkNoeFlBxp3,消控室值班助手-高新投三江A116-多线盘,1779724800000,消控室值班助手-高新投三江A116-多线盘,1779859777000,8.0,AC20260526-21,992,0.0,缺货,RUN-20260529-001,是,8.0,AC-RB800,深圳绿海山河里三期,2026-06-08
recvkNoeFlo5lf,用户信息传输装置,1779724800000,用户信息传输装置,1779859777000,1.0,AC20260526-21,993,0.0,缺货,RUN-20260529-001,否,1.0,AC-CS361,深圳绿海山河里三期,2026-06-05
recvkNoeFlCMC1,消控室值班助手-高新投三江A116-总线盘-80路,1779724800000,消控室值班助手-高新投三江A116-总线盘-80路,1779859777000,14.0,AC20260526-21,994,0.0,缺货,RUN-20260529-001,是,14.0,AC-RB800,深圳绿海山河里三期,2026-06-08
recvkNoeFlVIYK,采集传输终端,1779724800000,采集传输终端,1779859777000,4.0,AC20260526-21,995,0.0,缺货,RUN-20260529-001,否,4.0,AC-CTU504,深圳绿海山河里三期,2026-06-05
recvkNoeFlvsay,控制柜远程控制-8路,1779724800000,控制柜远程控制-8路,1779859777000,1.0,AC20260526-21,1060,6.0,有货,RUN-20260529-001,否,0.0,KZG-CH8,深圳绿海山河里三期,
recvkNoeFliNmg,消控室值班助手--消防广播-原杰YJG4610/4630/4650,1779724800000,消控室值班助手--消防广播-原杰YJG4610/4630/4650,1779859777000,1.0,AC20260526-23,996,0.0,缺货,RUN-20260529-001,是,1.0,AC-RB800,惠州汤泉2,2026-06-08
recvkNoeFlyg8Y,消控室值班助手-利达华信LD128EⅡ(触摸屏)-主键盘,1779724800000,消控室值班助手-利达华信LD128EⅡ(触摸屏)-主键盘,1779859777000,1.0,AC20260526-23,997,0.0,缺货,RUN-20260529-001,是,1.0,AC-RB800,惠州汤泉2,2026-06-08
recvkNoeFlApH5,用户信息传输装置,1779724800000,用户信息传输装置,1779859777000,1.0,AC20260526-23,998,0.0,缺货,RUN-20260529-001,否,1.0,AC-CS361,惠州汤泉2,2026-06-05
recvkNoeFlbxLX,物联网卡（电信4G）,1779724800000,物联网卡（电信4G）,1779859777000,2.0,AC20260526-23,999,840.0,有货,RUN-20260529-001,否,0.0,100M/月/3年期/新开卡,惠州汤泉2,
recvkNoeFlykN8,主机通讯板-利达华信6907,1779724800000,主机通讯板-利达华信6907,1779859777000,1.0,AC20260526-23,1000,25.0,有货,RUN-20260529-001,否,0.0,LD6907EN,惠州汤泉2,
recvkNoeFlxPCi,消控室值班助手-利达华信LD128EⅡ-多线盘LD9203EN,1779724800000,消控室值班助手-利达华信LD128EⅡ-多线盘LD9203EN,1779859777000,1.0,AC20260526-23,1001,73.0,有货,RUN-20260529-001,是,0.0,AC-RB800,惠州汤泉2,
recvkNoeFlXTlR,采集传输终端,1779724800000,采集传输终端,1779859777000,1.0,AC20260526-23,1002,0.0,缺货,RUN-20260529-001,否,1.0,AC-CTU504,惠州汤泉2,2026-06-05
recvkNoeFltWid,消控室值班助手-泛海三江9116/9100/A116-主键盘,1779724800000,消控室值班助手-泛海三江9116/9100/A116-主键盘,1779859777000,6.0,AC20260526-24,1003,28.0,有货,RUN-20260529-001,是,0.0,AC-RB800,惠州锦宸花园,
recvkNoeFlFX3z,采集传输终端,1779724800000,采集传输终端,1779859777000,6.0,AC20260526-24,1004,0.0,缺货,RUN-20260529-001,否,6.0,AC-CTU504,惠州锦宸花园,2026-06-05
recvkNoeFl8SPH,物联网卡（电信4G）,1779724800000,物联网卡（电信4G）,1779859777000,8.0,AC20260526-24,1005,838.0,有货,RUN-20260529-001,否,0.0,100M/月/3年期/新开卡,惠州锦宸花园,
recvkNoeFl20Er,用户信息传输装置,1779724800000,用户信息传输装置,1779859777000,2.0,AC20260526-24,1006,0.0,缺货,RUN-20260529-001,否,2.0,AC-CS361,惠州锦宸花园,2026-06-05
recvkNoeFluyRx,主机通讯板-泛海三江982,1779724800000,主机通讯板-泛海三江982,1779859777000,6.0,AC20260526-24,1007,16.0,有货,RUN-20260529-001,否,0.0,JB-FSD-982,惠州锦宸花园,
recvkNoeFlJYeq,消控室值班助手-泛海三江9116/A116-总线盘,1779724800000,消控室值班助手-泛海三江9116/A116-总线盘,1779859777000,1.0,AC20260526-24,1008,6.0,有货,RUN-20260529-001,是,0.0,AC-RB800,惠州锦宸花园,
recvkNoeFlUENv,消控室值班助手-泛海三江A116-多线盘,1779724800000,消控室值班助手-泛海三江A116-多线盘,1779859777000,9.0,AC20260526-24,1009,26.0,有货,RUN-20260529-001,是,0.0,AC-RB800,惠州锦宸花园,
recvkNoeFlePEa,消控室值班助手-消防广播-KT9213,1779724800000,消控室值班助手-消防广播-KT9213,1779859777000,1.0,AC20260526-24,1056,19.0,有货,RUN-20260529-001,是,0.0,AC-RB800,惠州锦宸花园,
recvkNoeFlxNlQ,消控室值班助手-深圳泰和安TX3016A/TX3006A-主键盘,1779724800000,消控室值班助手-深圳泰和安TX3016A/TX3006A-主键盘,1779859777000,3.0,AC20260526-25,1010,0.0,缺货,RUN-20260529-001,是,3.0,AC-RB800,惠州凯旋城七期,2026-06-08
recvkNoeFlztRE,消控室值班助手-深圳泰和安TX3016A-多线盘,1779724800000,消控室值班助手-深圳泰和安TX3016A-多线盘,1779859777000,3.0,AC20260526-25,1011,31.0,有货,RUN-20260529-001,是,0.0,AC-RB800,惠州凯旋城七期,
recvkNoeFlguoN,消控室值班助手-深圳泰和安TX3016A/C-总线盘TX3503A/C,1779724800000,消控室值班助手-深圳泰和安TX3016A/C-总线盘TX3503A/C,1779859777000,4.0,AC20260526-25,1012,20.0,有货,RUN-20260529-001,是,0.0,AC-RB800,惠州凯旋城七期,
recvkNoeFl4b5p,采集传输终端,1779724800000,采集传输终端,1779859777000,3.0,AC20260526-25,1013,0.0,缺货,RUN-20260529-001,否,3.0,AC-CTU504,惠州凯旋城七期,2026-06-05
recvkNoeFl4bU3,用户信息传输装置,1779724800000,用户信息传输装置,1779859777000,1.0,AC20260526-25,1014,0.0,缺货,RUN-20260529-001,否,1.0,AC-CS361,惠州凯旋城七期,2026-06-05
recvkNoeFlHdRu,物联网卡（电信4G）,1779724800000,物联网卡（电信4G）,1779859777000,4.0,AC20260526-25,1015,830.0,有货,RUN-20260529-001,否,0.0,100M/月/3年期/新开卡,惠州凯旋城七期,
recvkNoeFlTgif,消控室值班助手-泰和安消防广播TG3100A,1779724800000,消控室值班助手-泰和安消防广播TG3100A,1779859777000,1.0,AC20260526-25,1069,18.0,有货,RUN-20260529-001,是,0.0,AC-RB800,惠州凯旋城七期,
recvkNoeFlQB2T,消控室值班助手-泛海三江9116/9100/A116-主键盘,1779724800000,消控室值班助手-泛海三江9116/9100/A116-主键盘,1779859777000,2.0,AC20260526-26,1016,22.0,有货,RUN-20260529-001,是,0.0,AC-RB800,惠州水岸城八期,
recvkNoeFlDaBb,采集传输终端,1779724800000,采集传输终端,1779859777000,2.0,AC20260526-26,1017,0.0,缺货,RUN-20260529-001,否,2.0,AC-CTU504,惠州水岸城八期,2026-06-05
recvkNoeFlkLUg,物联网卡（电信4G）,1779724800000,物联网卡（电信4G）,1779859777000,3.0,AC20260526-26,1018,826.0,有货,RUN-20260529-001,否,0.0,100M/月/3年期/新开卡,惠州水岸城八期,
recvkNoeFlmvZd,消控室值班助手-泛海三江9000/9116-KZJ-LD5-03-多线盘,1779724800000,消控室值班助手-泛海三江9000/9116-KZJ-LD5-03-多线盘,1779859777000,6.0,AC20260526-26,1019,162.0,有货,RUN-20260529-001,是,0.0,AC-RB800,惠州水岸城八期,
recvkNoeFle3Tq,消控室值班助手-泛海三江9116/A116-总线盘,1779724800000,消控室值班助手-泛海三江9116/A116-总线盘,1779859777000,1.0,AC20260526-26,1020,5.0,有货,RUN-20260529-001,是,0.0,AC-RB800,惠州水岸城八期,
recvkNoeFlrERj,主机通讯板-泛海三江982,1779724800000,主机通讯板-泛海三江982,1779859777000,1.0,AC20260526-26,1021,10.0,有货,RUN-20260529-001,否,0.0,JB-FSD-982,惠州水岸城八期,
recvkNoeFl8UVo,用户信息传输装置,1779724800000,用户信息传输装置,1779859777000,1.0,AC20260526-26,1022,0.0,缺货,RUN-20260529-001,否,1.0,AC-CS361,惠州水岸城八期,2026-06-05
recvkNoeFlRVtA,消控室值班助手-消防广播-KT9213,1779724800000,消控室值班助手-消防广播-KT9213,1779859777000,1.0,AC20260526-26,1023,18.0,有货,RUN-20260529-001,是,0.0,AC-RB800,惠州水岸城八期,
recvkNoeFlTfn9,消控室值班助手-高新投三江A116-主键盘,1779724800000,消控室值班助手-高新投三江A116-主键盘,1779859777000,3.0,AC20260526-27,1024,0.0,缺货,RUN-20260529-001,是,3.0,AC-RB800,惠州寰宇时代,2026-06-08
recvkNoeFlNEll,用户信息传输装置,1779724800000,用户信息传输装置,1779859777000,1.0,AC20260526-27,1025,0.0,缺货,RUN-20260529-001,否,1.0,AC-CS361,惠州寰宇时代,2026-06-05
recvkNoeFluhdm,消控室值班助手-高新投三江A116-多线盘,1779724800000,消控室值班助手-高新投三江A116-多线盘,1779859777000,5.0,AC20260526-27,1026,0.0,缺货,RUN-20260529-001,是,5.0,AC-RB800,惠州寰宇时代,2026-06-08
recvkNoeFlJf1t,消控室值班助手-高新投三江A116-总线盘-80路,1779724800000,消控室值班助手-高新投三江A116-总线盘-80路,1779859777000,2.0,AC20260526-27,1027,0.0,缺货,RUN-20260529-001,是,2.0,AC-RB800,惠州寰宇时代,2026-06-08
recvkNoeFl4k57,采集传输终端,1779724800000,采集传输终端,1779859777000,3.0,AC20260526-27,1028,0.0,缺货,RUN-20260529-001,否,3.0,AC-CTU504,惠州寰宇时代,2026-06-05
recvkNoeFldaac,物联网卡（电信4G）,1779724800000,物联网卡（电信4G）,1779859777000,4.0,AC20260526-27,1029,823.0,有货,RUN-20260529-001,否,0.0,100M/月/3年期/新开卡,惠州寰宇时代,
recvkNoeFlGFGB,消控室值班助手-消防广播-KT9213,1779724800000,消控室值班助手-消防广播-KT9213,1779859777000,1.0,AC20260526-27,1057,17.0,有货,RUN-20260529-001,是,0.0,AC-RB800,惠州寰宇时代,
recvkNoeFl6eJ0,消控室值班助手-利达华信LD128EⅡ(触摸屏)-主键盘,1779724800000,消控室值班助手-利达华信LD128EⅡ(触摸屏)-主键盘,1779859777000,1.0,AC20260526-28,1030,0.0,缺货,RUN-20260529-001,是,1.0,AC-RB800,佛山中海·万锦豪园,2026-06-08
recvkNoeFlGzkE,消控室值班助手--消防广播-原杰YJG4610/4630/4650,1779724800000,消控室值班助手--消防广播-原杰YJG4610/4630/4650,1779859777000,1.0,AC20260526-28,1031,0.0,缺货,RUN-20260529-001,是,1.0,AC-RB800,佛山中海·万锦豪园,2026-06-08
recvkNoeFlcqWC,用户信息传输装置,1779724800000,用户信息传输装置,1779859777000,1.0,AC20260526-28,1032,0.0,缺货,RUN-20260529-001,否,1.0,AC-CS361,佛山中海·万锦豪园,2026-06-05
recvkNoeFlgLpF,消控室值班助手-利达华信LD128EQ-多线盘LD9201,1779724800000,消控室值班助手-利达华信LD128EQ-多线盘LD9201,1779859777000,1.0,AC20260526-28,1033,29.0,有货,RUN-20260529-001,是,0.0,AC-RB800,佛山中海·万锦豪园,
recvkNoeFlWq98,采集传输终端,1779724800000,采集传输终端,1779859777000,1.0,AC20260526-28,1034,0.0,缺货,RUN-20260529-001,否,1.0,AC-CTU504,佛山中海·万锦豪园,2026-06-05
recvkNoeFl48PZ,消控室值班助手-利达华信LD128EQ-多线盘LD9202EN,1779724800000,消控室值班助手-利达华信LD128EQ-多线盘LD9202EN,1779859777000,3.0,AC20260526-28,1035,20.0,有货,RUN-20260529-001,是,0.0,AC-RB800,佛山中海·万锦豪园,
recvkNoeFlrIFu,物联网卡（电信4G）,1779724800000,物联网卡（电信4G）,1779859777000,2.0,AC20260526-28,1036,819.0,有货,RUN-20260529-001,否,0.0,100M/月/3年期/新开卡,佛山中海·万锦豪园,
recvkNoeFleKDZ,主机通讯板-利达华信6907,1779724800000,主机通讯板-利达华信6907,1779859777000,1.0,AC20260526-28,1037,24.0,有货,RUN-20260529-001,否,0.0,LD6907EN,佛山中海·万锦豪园,
recvkNoeFlLKpW,主机通讯板-北大青鸟293K,1779724800000,主机通讯板-北大青鸟293K,1779859777000,1.0,AC20260526-29,1038,2.0,有货,RUN-20260529-001,否,0.0,JBF293K,广州天河中海花城湾,
recvkNoeFlzmbY,采集传输终端,1779724800000,采集传输终端,1779859777000,2.0,AC20260526-29,1039,0.0,缺货,RUN-20260529-001,否,2.0,AC-CTU504,广州天河中海花城湾,2026-06-05
recvkNoeFldzdy,消控室值班助手-恒业-消防广播HY2722C,1779724800000,消控室值班助手-恒业-消防广播HY2722C,1779859777000,1.0,AC20260526-29,1040,17.0,有货,RUN-20260529-001,是,0.0,AC-RB800,广州天河中海花城湾,
recvkNoeFlRoxH,消控室值班助手-北大青鸟AB320-主键盘,1779724800000,消控室值班助手-北大青鸟AB320-主键盘,1779859777000,1.0,AC20260526-29,1041,25.0,有货,RUN-20260529-001,是,0.0,AC-RB800,广州天河中海花城湾,
recvkNoeFlq9ai,消控室值班助手-利达华信LD128EⅡ-多线盘LD9203EN,1779724800000,消控室值班助手-利达华信LD128EⅡ-多线盘LD9203EN,1779859777000,4.0,AC20260526-29,1042,72.0,有货,RUN-20260529-001,是,0.0,AC-RB800,广州天河中海花城湾,
recvkNoeFlDAec,主机通讯板-利达华信6907,1779724800000,主机通讯板-利达华信6907,1779859777000,1.0,AC20260526-29,1043,23.0,有货,RUN-20260529-001,否,0.0,LD6907EN,广州天河中海花城湾,
recvkNoeFlbuUf,消控室值班助手-利达华信LD7100-消防广播,1779724800000,消控室值班助手-利达华信LD7100-消防广播,1779859777000,1.0,AC20260526-29,1044,0.0,缺货,RUN-20260529-001,是,1.0,AC-RB800,广州天河中海花城湾,2026-06-08
recvkNoeFliSbI,用户信息传输装置,1779724800000,用户信息传输装置,1779859777000,1.0,AC20260526-29,1045,0.0,缺货,RUN-20260529-001,否,1.0,AC-CS361,广州天河中海花城湾,2026-06-05
recvkNoeFliziw,消控室值班助手-北大青鸟11S/11SF-CD8F多线盘,1779724800000,消控室值班助手-北大青鸟11S/11SF-CD8F多线盘,1779859777000,9.0,AC20260526-29,1046,0.0,缺货,RUN-20260529-001,是,9.0,AC-RB800,广州天河中海花城湾,2026-06-08
recvkNoeFlkm27,消控室值班助手-利达华信LD128EⅡ(触摸屏)-主键盘,1779724800000,消控室值班助手-利达华信LD128EⅡ(触摸屏)-主键盘,1779859777000,1.0,AC20260526-29,1047,0.0,缺货,RUN-20260529-001,是,1.0,AC-RB800,广州天河中海花城湾,2026-06-08
recvkNoeFlqPUO,物联网卡（电信4G）,1779724800000,物联网卡（电信4G）,1779859777000,3.0,AC20260526-29,1048,817.0,有货,RUN-20260529-001,否,0.0,100M/月/3年期/新开卡,广州天河中海花城湾,
recvkNoeFl5moZ,物联网卡（电信4G）,1779724800000,物联网卡（电信4G）,1779859777000,2.0,AC20260526-3,869,814.0,有货,RUN-20260529-001,否,0.0,100M/月/3年期/新开卡,广州越秀中海锦城南苑,
recvkNoeFlLkHl,消控室值班助手-利达华信LD128EⅡ-多线盘LD9203EN,1779724800000,消控室值班助手-利达华信LD128EⅡ-多线盘LD9203EN,1779859777000,1.0,AC20260526-3,870,68.0,有货,RUN-20260529-001,是,0.0,AC-RB800,广州越秀中海锦城南苑,
recvkNoeFloTBJ,用户信息传输装置,1779724800000,用户信息传输装置,1779859777000,1.0,AC20260526-3,871,0.0,缺货,RUN-20260529-001,否,1.0,AC-CS361,广州越秀中海锦城南苑,2026-06-05
recvkNoeFlIWSF,主机通讯板-利达华信6907,1779724800000,主机通讯板-利达华信6907,1779859777000,1.0,AC20260526-3,872,22.0,有货,RUN-20260529-001,否,0.0,LD6907EN,广州越秀中海锦城南苑,
recvkNoeFlnwRC,采集传输终端,1779724800000,采集传输终端,1779859777000,1.0,AC20260526-3,873,0.0,缺货,RUN-20260529-001,否,1.0,AC-CTU504,广州越秀中海锦城南苑,2026-06-05
recvkNoeFlAbj8,消控室值班助手-利达华信LD128EⅡ(触摸屏)-主键盘,1779724800000,消控室值班助手-利达华信LD128EⅡ(触摸屏)-主键盘,1779859777000,1.0,AC20260526-3,874,0.0,缺货,RUN-20260529-001,是,1.0,AC-RB800,广州越秀中海锦城南苑,2026-06-08
recvkNoeFlvo2q,消控室值班助手--消防广播-原杰YJG4610/4630/4650,1779724800000,消控室值班助手--消防广播-原杰YJG4610/4630/4650,1779859777000,1.0,AC20260526-3,875,0.0,缺货,RUN-20260529-001,是,1.0,AC-RB800,广州越秀中海锦城南苑,2026-06-08
recvkNoeFl61lm,消控室值班助手-高新投三江A116-多线盘,1779724800000,消控室值班助手-高新投三江A116-多线盘,1779859777000,2.0,AC20260526-30,1049,0.0,缺货,RUN-20260529-001,是,2.0,AC-RB800,东莞中海源美华庭,2026-06-08
recvkNoeFlXq7l,采集传输终端,1779724800000,采集传输终端,1779859777000,1.0,AC20260526-30,1050,0.0,缺货,RUN-20260529-001,否,1.0,AC-CTU504,东莞中海源美华庭,2026-06-05
recvkNoeFlvGoC,消控室值班助手-高新投三江A116-总线盘-80路,1779724800000,消控室值班助手-高新投三江A116-总线盘-80路,1779859777000,2.0,AC20260526-30,1051,0.0,缺货,RUN-20260529-001,是,2.0,AC-RB800,东莞中海源美华庭,2026-06-08
recvkNoeFlfSof,消控室值班助手-高新投三江A116-主键盘,1779724800000,消控室值班助手-高新投三江A116-主键盘,1779859777000,1.0,AC20260526-30,1052,0.0,缺货,RUN-20260529-001,是,1.0,AC-RB800,东莞中海源美华庭,2026-06-08
recvkNoeFlw6PO,用户信息传输装置,1779724800000,用户信息传输装置,1779859777000,1.0,AC20260526-30,1053,0.0,缺货,RUN-20260529-001,否,1.0,AC-CS361,东莞中海源美华庭,2026-06-05
recvkNoeFlVYUS,物联网卡（电信4G）,1779724800000,物联网卡（电信4G）,1779859777000,2.0,AC20260526-30,1054,812.0,有货,RUN-20260529-001,否,0.0,100M/月/3年期/新开卡,东莞中海源美华庭,
recvkNoeFlaSLf,消控室值班助手-恒业-消防广播-LT6242,1779724800000,消控室值班助手-恒业-消防广播-LT6242,1779859777000,1.0,AC20260526-30,1061,9.0,有货,RUN-20260529-001,是,0.0,AC-RB800,东莞中海源美华庭,
recvkNoeFlPpSB,消控室值班助手-深圳泰和安TX3016A-多线盘,1779724800000,消控室值班助手-深圳泰和安TX3016A-多线盘,1779859777000,16.0,AC20260526-4,876,28.0,有货,RUN-20260529-001,是,0.0,AC-RB800,广州海珠区中海观澜府,
recvkNoeFlAHvB,消控室值班助手-深圳泰和安TX3016A/C-总线盘TX3503A/C,1779724800000,消控室值班助手-深圳泰和安TX3016A/C-总线盘TX3503A/C,1779859777000,12.0,AC20260526-4,877,16.0,有货,RUN-20260529-001,是,0.0,AC-RB800,广州海珠区中海观澜府,
recvkNoeFlk2mo,采集传输终端,1779724800000,采集传输终端,1779859777000,8.0,AC20260526-4,878,0.0,缺货,RUN-20260529-001,否,8.0,AC-CTU504,广州海珠区中海观澜府,2026-06-05
recvkNoeFlDL0G,用户信息传输装置,1779724800000,用户信息传输装置,1779859777000,1.0,AC20260526-4,879,0.0,缺货,RUN-20260529-001,否,1.0,AC-CS361,广州海珠区中海观澜府,2026-06-05
recvkNoeFlVlau,消控室值班助手-深圳泰和安TX3016A/TX3006A-主键盘,1779724800000,消控室值班助手-深圳泰和安TX3016A/TX3006A-主键盘,1779859777000,8.0,AC20260526-4,880,0.0,缺货,RUN-20260529-001,是,8.0,AC-RB800,广州海珠区中海观澜府,2026-06-08
recvkNoeFlqAf4,物联网卡（电信4G）,1779724800000,物联网卡（电信4G）,1779859777000,9.0,AC20260526-4,881,810.0,有货,RUN-20260529-001,否,0.0,100M/月/3年期/新开卡,广州海珠区中海观澜府,
recvkNoeFlxVeN,消控室值班助手-泰和安消防广播TG3100A,1779724800000,消控室值班助手-泰和安消防广播TG3100A,1779859777000,1.0,AC20260526-4,1070,17.0,有货,RUN-20260529-001,是,0.0,AC-RB800,广州海珠区中海观澜府,
recvkNoeFlEI2o,消控室值班助手-海湾JB-QG-GST5000/GST9000总线盘,1779724800000,消控室值班助手-海湾JB-QG-GST5000/GST9000总线盘,1779859777000,1.0,AC20260526-6,882,24.0,有货,RUN-20260529-001,是,0.0,AC-RB800,广州海珠区中海名都花园,
recvkNoeFlwglL,消控室值班助手-海湾GST9000-主键盘,1779724800000,消控室值班助手-海湾GST9000-主键盘,1779859777000,1.0,AC20260526-6,883,53.0,有货,RUN-20260529-001,是,0.0,AC-RB800,广州海珠区中海名都花园,
recvkNoeFlhqmw,消控室值班助手-深圳赋安FS5050-主键盘,1779724800000,消控室值班助手-深圳赋安FS5050-主键盘,1779859777000,2.0,AC20260526-6,884,19.0,有货,RUN-20260529-001,是,0.0,AC-RB800,广州海珠区中海名都花园,
recvkNoeFlEtiw,采集传输终端,1779724800000,采集传输终端,1779859777000,3.0,AC20260526-6,885,0.0,缺货,RUN-20260529-001,否,3.0,AC-CTU504,广州海珠区中海名都花园,2026-06-05
recvkNoeFllBH1,用户信息传输装置,1779724800000,用户信息传输装置,1779859777000,1.0,AC20260526-6,886,0.0,缺货,RUN-20260529-001,否,1.0,AC-CS361,广州海珠区中海名都花园,2026-06-05
recvkNoeFluutU,消控室值班助手-深圳赋安FS5050消防广播GB9242,1779724800000,消控室值班助手-深圳赋安FS5050消防广播GB9242,1779859777000,1.0,AC20260526-6,887,0.0,缺货,RUN-20260529-001,是,1.0,AC-RB800,广州海珠区中海名都花园,2026-06-08
recvkNoeFlIlq3,消控室值班助手-深圳赋安FS5050-多线盘,1779724800000,消控室值班助手-深圳赋安FS5050-多线盘,1779859777000,12.0,AC20260526-6,888,123.0,有货,RUN-20260529-001,是,0.0,AC-RB800,广州海珠区中海名都花园,
recvkNoeFlonXW,物联网卡（电信4G）,1779724800000,物联网卡（电信4G）,1779859777000,4.0,AC20260526-6,889,801.0,有货,RUN-20260529-001,否,0.0,100M/月/3年期/新开卡,广州海珠区中海名都花园,
recvkNoeFlBqqc,消控室值班助手-海湾GST5000/9000-多线盘,1779724800000,消控室值班助手-海湾GST5000/9000-多线盘,1779859777000,1.0,AC20260526-6,890,0.0,缺货,RUN-20260529-001,是,1.0,AC-RB800,广州海珠区中海名都花园,2026-06-08
recvkNoeFln6Wu,用户信息传输装置,1779724800000,用户信息传输装置,1779859777000,1.0,AC20260526-7,891,0.0,缺货,RUN-20260529-001,否,1.0,AC-CS361,东莞中海春晓东苑,2026-06-05
recvkNoeFlv5vu,主机通讯板-泛海三江982,1779724800000,主机通讯板-泛海三江982,1779859777000,1.0,AC20260526-7,892,9.0,有货,RUN-20260529-001,否,0.0,JB-FSD-982,东莞中海春晓东苑,
recvkNoeFl8zWM,采集传输终端,1779724800000,采集传输终端,1779859777000,2.0,AC20260526-7,893,0.0,缺货,RUN-20260529-001,否,2.0,AC-CTU504,东莞中海春晓东苑,2026-06-05
recvkNoeFlXIjm,消控室值班助手-泛海三江A116-多线盘,1779724800000,消控室值班助手-泛海三江A116-多线盘,1779859777000,9.0,AC20260526-7,894,17.0,有货,RUN-20260529-001,是,0.0,AC-RB800,东莞中海春晓东苑,
recvkNoeFlvFmG,物联网卡（电信4G）,1779724800000,物联网卡（电信4G）,1779859777000,3.0,AC20260526-7,895,797.0,有货,RUN-20260529-001,否,0.0,100M/月/3年期/新开卡,东莞中海春晓东苑,
recvkNoeFlQ103,消控室值班助手-泛海三江9116/A116-总线盘,1779724800000,消控室值班助手-泛海三江9116/A116-总线盘,1779859777000,2.0,AC20260526-7,896,4.0,有货,RUN-20260529-001,是,0.0,AC-RB800,东莞中海春晓东苑,
recvkNoeFlH9a9,消控室值班助手-泛海三江9116/9100/A116-主键盘,1779724800000,消控室值班助手-泛海三江9116/9100/A116-主键盘,1779859777000,2.0,AC20260526-7,897,20.0,有货,RUN-20260529-001,是,0.0,AC-RB800,东莞中海春晓东苑,
recvkNoeFlk8Tn,消控室值班助手-消防广播-KT9213,1779724800000,消控室值班助手-消防广播-KT9213,1779859777000,1.0,AC20260526-7,1063,16.0,有货,RUN-20260529-001,是,0.0,AC-RB800,东莞中海春晓东苑,
recvkNoeFljZ9a,消控室值班助手-消防广播-KT9213,1779724800000,消控室值班助手-消防广播-KT9213,1779859777000,1.0,AC20260526-7,1066,15.0,有货,RUN-20260529-001,是,0.0,AC-RB800,东莞中海春晓东苑,
recvkNoeFlB32g,主机通讯板-泛海三江982,1779724800000,主机通讯板-泛海三江982,1779859777000,1.0,AC20260526-8,898,8.0,有货,RUN-20260529-001,否,0.0,JB-FSD-982,东莞中海春朗花园,
recvkNoeFl53RM,用户信息传输装置,1779724800000,用户信息传输装置,1779859777000,1.0,AC20260526-8,899,0.0,缺货,RUN-20260529-001,否,1.0,AC-CS361,东莞中海春朗花园,2026-06-05
recvkNoeFlld07,消控室值班助手-泛海三江9116/A116-总线盘,1779724800000,消控室值班助手-泛海三江9116/A116-总线盘,1779859777000,3.0,AC20260526-8,900,2.0,缺货,RUN-20260529-001,是,1.0,AC-RB800,东莞中海春朗花园,2026-06-08
recvkNoeFl6GXL,消控室值班助手-泛海三江9116/9100/A116-主键盘,1779724800000,消控室值班助手-泛海三江9116/9100/A116-主键盘,1779859777000,4.0,AC20260526-8,901,18.0,有货,RUN-20260529-001,是,0.0,AC-RB800,东莞中海春朗花园,
recvkNoeFlaH9a,物联网卡（电信4G）,1779724800000,物联网卡（电信4G）,1779859777000,5.0,AC20260526-8,902,794.0,有货,RUN-20260529-001,否,0.0,100M/月/3年期/新开卡,东莞中海春朗花园,
recvkNoeFlgU3r,消控室值班助手-泛海三江A116-多线盘,1779724800000,消控室值班助手-泛海三江A116-多线盘,1779859777000,24.0,AC20260526-8,903,8.0,缺货,RUN-20260529-001,是,16.0,AC-RB800,东莞中海春朗花园,2026-06-08
recvkNoeFlqbaR,采集传输终端,1779724800000,采集传输终端,1779859777000,4.0,AC20260526-8,904,0.0,缺货,RUN-20260529-001,否,4.0,AC-CTU504,东莞中海春朗花园,2026-06-05
recvkNoeFltplw,消控室值班助手-消防广播-泛海三江GB9242B/300W,1779724800000,消控室值班助手-消防广播-泛海三江GB9242B/300W,1779859777000,2.0,AC20260526-8,1064,24.0,有货,RUN-20260529-001,是,0.0,AC-RB800,东莞中海春朗花园,
recvkNoeFlmoMo,物联网卡（电信4G）,1779724800000,物联网卡（电信4G）,1779859777000,2.0,AC20260526-9,905,789.0,有货,RUN-20260529-001,否,0.0,100M/月/3年期/新开卡,佛山中海文华熙岸,
recvkNoeFllsjy,消控室值班助手--消防广播-原杰YJG4610/4630/4650,1779724800000,消控室值班助手--消防广播-原杰YJG4610/4630/4650,1779859777000,3.0,AC20260526-9,906,0.0,缺货,RUN-20260529-001,是,3.0,AC-RB800,佛山中海文华熙岸,2026-06-08
recvkNoeFl8WZ9,采集传输终端,1779724800000,采集传输终端,1779859777000,1.0,AC20260526-9,907,0.0,缺货,RUN-20260529-001,否,1.0,AC-CTU504,佛山中海文华熙岸,2026-06-05
recvkNoeFl9NEd,用户信息传输装置,1779724800000,用户信息传输装置,1779859777000,1.0,AC20260526-9,908,0.0,缺货,RUN-20260529-001,否,1.0,AC-CS361,佛山中海文华熙岸,2026-06-05
recvkNoeFl8xtl,消控室值班助手-利达华信LD128EⅡ(触摸屏)-主键盘,1779724800000,消控室值班助手-利达华信LD128EⅡ(触摸屏)-主键盘,1779859777000,1.0,AC20260526-9,909,0.0,缺货,RUN-20260529-001,是,1.0,AC-RB800,佛山中海文华熙岸,2026-06-08
recvkNoeFlEoz5,消控室值班助手-利达华信LD128EQ-多线盘LD9202EN,1779724800000,消控室值班助手-利达华信LD128EQ-多线盘LD9202EN,1779859777000,3.0,AC20260526-9,910,17.0,有货,RUN-20260529-001,是,0.0,AC-RB800,佛山中海文华熙岸,
recvkNoeFl5Wqh,主机通讯板-利达华信6907,1779724800000,主机通讯板-利达华信6907,1779859777000,1.0,AC20260526-9,911,21.0,有货,RUN-20260529-001,否,0.0,LD6907EN,佛山中海文华熙岸,
recvkS3s2JFJii,物联网卡（电信4G）,1779811200000,物联网卡（电信4G）,1779928706000,4.0,AC20260527-2,1071,787.0,有货,RUN-20260529-001,否,0.0,100M/月/3年期/新开卡,惠州汤泉1,
recvkS3vo0lOYH,消控室值班助手-高新投三江GB2201-消防广播,1779811200000,消控室值班助手-高新投三江GB2201-消防广播,1779928718000,1.0,AC20260527-2,1079,0.0,缺货,RUN-20260529-001,是,1.0,AC-RB800,惠州汤泉1,2026-06-08
recvkS3vo0aEjd,采集传输终端,1779811200000,采集传输终端,1779928718000,3.0,AC20260527-2,1080,0.0,缺货,RUN-20260529-001,否,3.0,AC-CTU504,惠州汤泉1,2026-06-05
recvkS3vo0ptXD,消控室值班助手-深圳泰和安TX3016A/TX3006A-主键盘,1779811200000,消控室值班助手-深圳泰和安TX3016A/TX3006A-主键盘,1779928718000,2.0,AC20260527-2,1081,0.0,缺货,RUN-20260529-001,是,2.0,AC-RB800,惠州汤泉1,2026-06-08
recvkS3vo0VTQ0,用户信息传输装置,1779811200000,用户信息传输装置,1779928718000,1.0,AC20260527-2,1082,0.0,缺货,RUN-20260529-001,否,1.0,AC-CS361,惠州汤泉1,2026-06-05
recvkS3vo0ORKw,消控室值班助手-高新投三江C8020-主键盘,1779811200000,消控室值班助手-高新投三江C8020-主键盘,1779928718000,1.0,AC20260527-2,1083,0.0,缺货,RUN-20260529-001,是,1.0,AC-RB800,惠州汤泉1,2026-06-08
recvkS3vo0snVJ,消控室值班助手-深圳泰和安TX3016A/C-总线盘TX3503A/C,1779811200000,消控室值班助手-深圳泰和安TX3016A/C-总线盘TX3503A/C,1779928718000,2.0,AC20260527-2,1084,0.0,缺货,RUN-20260529-001,是,2.0,AC-RB800,惠州汤泉1,2026-06-08
recvkS3vo0GnHH,消控室值班助手-深圳泰和安TX3016A-多线盘,1779811200000,消控室值班助手-深圳泰和安TX3016A-多线盘,1779928718000,4.0,AC20260527-2,1085,0.0,缺货,RUN-20260529-001,是,4.0,AC-RB800,惠州汤泉1,2026-06-08
recvkZi7IrGL5D,用户信息传输装置,1779984000000,用户信息传输装置,1780035636000,2.0,AC20260529-1,1155,0.0,缺货,RUN-20260529-001,否,2.0,AC-CS361,,2026-06-05
recvkZi7IrwyhH,消控室值班助手-凯拓-消防电话-DH9261,1779984000000,消控室值班助手-凯拓-消防电话-DH9261,1780035636000,1.0,AC20260529-1,1156,3.0,有货,RUN-20260529-001,是,0.0,AC-RB800,,
recvkZi7IrKmdL,采集传输终端,1779984000000,采集传输终端,1780035636000,6.0,AC20260529-1,1157,0.0,缺货,RUN-20260529-001,否,6.0,AC-CTU504,,2026-06-05
recvkZi7IrsAn1,控制柜远程控制-32路,1779984000000,控制柜远程控制-32路,1780035636000,3.0,AC20260529-1,1158,11.0,有货,RUN-20260529-001,否,0.0,KZG-CH32,,
recvkZi7IrImYk,消控室值班助手-依爱EI8000G-总线盘,1779984000000,消控室值班助手-依爱EI8000G-总线盘,1780035636000,1.0,AC20260529-1,1159,12.0,有货,RUN-20260529-001,是,0.0,AC-RB800,,
recvkZi7Iroccx,消控室值班助手-依爱EI8000G-多线盘,1779984000000,消控室值班助手-依爱EI8000G-多线盘,1780035636000,1.0,AC20260529-1,1160,36.0,有货,RUN-20260529-001,是,0.0,AC-RB800,,
recvkZi7IrC53T,主机通讯板-依爱6126,1779984000000,主机通讯板-依爱6126,1780035636000,4.0,AC20260529-1,1161,10.0,有货,RUN-20260529-001,否,0.0,EI-RN6126,,
recvkZi7Ire3h0,消控室值班助手-依爱EI8000G-主键盘,1779984000000,消控室值班助手-依爱EI8000G-主键盘,1780035636000,4.0,AC20260529-1,1162,7.0,有货,RUN-20260529-001,是,0.0,AC-RB800,,
recvkZi7IrwIJR,物联网卡（电信4G）,1779984000000,物联网卡（电信4G）,1780035636000,8.0,AC20260529-1,1163,783.0,有货,RUN-20260529-001,否,0.0,100M/月/3年期/新开卡,,
recvkZi7IrAWis,主机通讯板-北大青鸟293K,1779984000000,主机通讯板-北大青鸟293K,1780035636000,1.0,AC20260529-2,1147,1.0,有货,RUN-20260529-001,否,0.0,JBF293K,,
recvkZi7IryUvV,火灾报警控制器协议解析器,1779984000000,火灾报警控制器协议解析器,1780035636000,1.0,AC20260529-2,1148,64.0,有货,RUN-20260529-001,否,0.0,GW-XY204,,
recvkZi7IrS6Um,消控室值班助手-久远20K/北大青鸟5009-主键盘,1779984000000,消控室值班助手-久远20K/北大青鸟5009-主键盘,1780035636000,1.0,AC20260529-2,1149,0.0,缺货,RUN-20260529-001,是,1.0,AC-RB800,,2026-06-08
recvkZi7IrNJRe,采集传输终端,1779984000000,采集传输终端,1780035636000,1.0,AC20260529-2,1150,0.0,缺货,RUN-20260529-001,否,1.0,AC-CTU504,,2026-06-05
recvkZi7IrnyvL,用户信息传输装置,1779984000000,用户信息传输装置,1780035636000,1.0,AC20260529-2,1151,0.0,缺货,RUN-20260529-001,否,1.0,AC-CS361,,2026-06-05
recvkZi7IrnZ4o,消控室值班助手-高新投三江GB2201-消防广播,1779984000000,消控室值班助手-高新投三江GB2201-消防广播,1780035636000,1.0,AC20260529-2,1152,0.0,缺货,RUN-20260529-001,是,1.0,AC-RB800,,2026-06-08
recvkZi7Irv6NK,消控室值班助手-欣洋XY4000-主键盘,1779984000000,消控室值班助手-欣洋XY4000-主键盘,1780035636000,1.0,AC20260529-2,1153,0.0,缺货,RUN-20260529-001,是,1.0,AC-RB800,,2026-06-08
recvkZi7IrktYa,物联网卡（电信4G）,1779984000000,物联网卡（电信4G）,1780035636000,2.0,AC20260529-2,1154,775.0,有货,RUN-20260529-001,否,0.0,100M/月/3年期/新开卡,,
recvkZi7IroEgP,无线压力监测终端,1779984000000,无线压力监测终端,1780035636000,6.0,GW20260529-2,1145,48.0,有货,RUN-20260529-001,否,0.0,AC-SYL211-4G-16,,
recvkZi7IrKjYm,无线液位监测终端,1779984000000,无线液位监测终端,1780035636000,2.0,GW20260529-2,1146,70.0,有货,RUN-20260529-001,否,0.0,AC-SYW193-4G-500,,
